{"cameraMode":{"drawMode":0,"name":"Shaded","section":"Shading Mode"},"sceneLighting":true,"audioPlay":false,"sceneViewState":{"showFog":true,"showMaterialUpdate":false,"showSkybox":true,"showFlares":true,"showImageEffects":true,"showParticleSystems":true},"in2DMode":false,"pivot":{"x":-31.729721069335939,"y":-18.790557861328126,"z":7.8863067626953129},"rotation":{"x":0.010631721466779709,"y":0.7053298950195313,"z":-0.010580725036561489,"w":0.7087212204933167},"size":219.85577392578126,"orthographic":true}